,Unnamed: 0,Mean Train loss,Last Train loss,Mean Test loss,Last Test loss,Train time callbacks,GCN sizes,LSTM sizes,History (in days),Test Date,filename
55,0,104.3063,58.4391413,66.98790467,31.8163539,4.029124059,"[4, 4]",[4],6,7-Jan,2021-01-07
66,0,104.6347702,58.61460193,59.84174471,38.6459524,3.691892496,"[4, 4]",[4],6,10-Jan,2021-01-10
44,0,86.62181469,57.69513306,57.20580414,44.01426855,3.81355542,"[4, 4]",[4],6,15-Dec,2020-12-15
33,0,61.80503926,52.34558063,57.37320143,49.1595681,3.587091129,"[4, 4]",[4],6,7-Dec,2020-12-07
77,0,112.5497848,93.54760787,62.82071233,52.63929705,3.773981483,"[4, 4]",[4],6,24-Jan,2021-01-24
0,0,115.4474844,88.85864705,69.6415583,55.20377323,5.777132167,"[4, 4]",[4],6,15-Nov,2020-11-15
22,0,78.34570245,51.24718305,72.40516154,59.22861949,3.627478998,"[4, 4]",[4],6,28-Nov,2020-11-28
11,0,90.35365502,71.14970558,71.28058121,62.01353844,3.563998729,"[4, 4]",[4],6,20-Nov,2020-11-20
